{"cameraMode":{"drawMode":0,"name":"Shaded","section":"Shading Mode"},"sceneLighting":true,"audioPlay":false,"sceneViewState":{"showFog":true,"showMaterialUpdate":false,"showSkybox":true,"showFlares":true,"showImageEffects":true,"showParticleSystems":true},"in2DMode":false,"pivot":{"x":93.02685546875,"y":3.0025367736816408,"z":-103.03536987304688},"rotation":{"x":-0.7909759879112244,"y":0.15813226997852326,"z":-0.22967365384101869,"w":-0.5446246266365051},"size":149.25538635253907,"orthographic":true}